#,Time,%Passes,Change,Test,Pass,Partial,Fail,Untested
0,Thu Oct 08 15:46:40 EDT 2020,73,73,Assignment3Suite,ExtendTest0+ GetTest0+ GetTest1+ KeysTest0+ KeysTest1+ KeysTest2+ KeysTest3+ KeysTest5+ LambdaTest0+ MinMaxTest0+ MinMaxTest1+ MinMaxTest2+ MinMaxTest3+ MinMaxTest4+ MinMaxTest5+ MinMaxTest6+ MinMaxTest7+ PutTest0+ PutTest1+ PutTest2+ PutTest3+ PutTest4+ PutTest5+ RemoveTest0+ RemoveTest1+ RemoveTest2+ RemoveTest3+ SizeTest0+ SizeTest1+ SizeTest2+ , ,ExtendTest1- ExtendTest2- ExtendTest3- ExtendTest4- GetTest2- KeysTest4- KeysTest6- LambdaTest1- LambdaTest2- LambdaTest3- LambdaTest4- , ,
1,Fri Oct 09 14:49:10 EDT 2020,73,0,Assignment3Suite,ExtendTest0 GetTest0 GetTest1 KeysTest0 KeysTest1 KeysTest2 KeysTest3 KeysTest5 LambdaTest0 MinMaxTest0 MinMaxTest1 MinMaxTest2 MinMaxTest3 MinMaxTest4 MinMaxTest5 MinMaxTest6 MinMaxTest7 PutTest0 PutTest1 PutTest2 PutTest3 PutTest4 PutTest5 RemoveTest0 RemoveTest1 RemoveTest2 RemoveTest3 SizeTest0 SizeTest1 SizeTest2 , ,ExtendTest1 ExtendTest2 ExtendTest3 ExtendTest4 GetTest2 KeysTest4 KeysTest6 LambdaTest1 LambdaTest2 LambdaTest3 LambdaTest4 , ,
2,Fri Oct 09 19:00:24 EDT 2020,73,0,Assignment3Suite,ExtendTest0 GetTest0 GetTest1 KeysTest0 KeysTest1 KeysTest2 KeysTest3 KeysTest5 LambdaTest0 MinMaxTest0 MinMaxTest1 MinMaxTest2 MinMaxTest3 MinMaxTest4 MinMaxTest5 MinMaxTest6 MinMaxTest7 PutTest0 PutTest1 PutTest2 PutTest3 PutTest4 PutTest5 RemoveTest0 RemoveTest1 RemoveTest2 RemoveTest3 SizeTest0 SizeTest1 SizeTest2 , ,ExtendTest1 ExtendTest2 ExtendTest3 ExtendTest4 GetTest2 KeysTest4 KeysTest6 LambdaTest1 LambdaTest2 LambdaTest3 LambdaTest4 , ,
3,Fri Oct 09 19:04:55 EDT 2020,73,0,Assignment3Suite,ExtendTest0 GetTest0 GetTest1 KeysTest0 KeysTest1 KeysTest2 KeysTest3 KeysTest5 LambdaTest0 MinMaxTest0 MinMaxTest1 MinMaxTest2 MinMaxTest3 MinMaxTest4 MinMaxTest5 MinMaxTest6 MinMaxTest7 PutTest0 PutTest1 PutTest2 PutTest3 PutTest4 PutTest5 RemoveTest0 RemoveTest1 RemoveTest2 RemoveTest3 SizeTest0 SizeTest1 SizeTest2 , ,ExtendTest1 ExtendTest2 ExtendTest3 ExtendTest4 GetTest2 KeysTest4 KeysTest6 LambdaTest1 LambdaTest2 LambdaTest3 LambdaTest4 , ,
4,Fri Oct 09 19:05:05 EDT 2020,73,0,Assignment3Suite,ExtendTest0 GetTest0 GetTest1 KeysTest0 KeysTest1 KeysTest2 KeysTest3 KeysTest5 LambdaTest0 MinMaxTest0 MinMaxTest1 MinMaxTest2 MinMaxTest3 MinMaxTest4 MinMaxTest5 MinMaxTest6 MinMaxTest7 PutTest0 PutTest1 PutTest2 PutTest3 PutTest4 PutTest5 RemoveTest0 RemoveTest1 RemoveTest2 RemoveTest3 SizeTest0 SizeTest1 SizeTest2 , ,ExtendTest1 ExtendTest2 ExtendTest3 ExtendTest4 GetTest2 KeysTest4 KeysTest6 LambdaTest1 LambdaTest2 LambdaTest3 LambdaTest4 , ,
5,Fri Oct 09 19:06:31 EDT 2020,73,0,Assignment3Suite,ExtendTest0 GetTest0 GetTest1 KeysTest0 KeysTest1 KeysTest2 KeysTest3 KeysTest5 LambdaTest0 MinMaxTest0 MinMaxTest1 MinMaxTest2 MinMaxTest3 MinMaxTest4 MinMaxTest5 MinMaxTest6 MinMaxTest7 PutTest0 PutTest1 PutTest2 PutTest3 PutTest4 PutTest5 RemoveTest0 RemoveTest1 RemoveTest2 RemoveTest3 SizeTest0 SizeTest1 SizeTest2 , ,ExtendTest1 ExtendTest2 ExtendTest3 ExtendTest4 GetTest2 KeysTest4 KeysTest6 LambdaTest1 LambdaTest2 LambdaTest3 LambdaTest4 , ,
6,Fri Oct 09 19:25:51 EDT 2020,58,-15,Assignment3Suite,ExtendTest0 GetTest0 GetTest1 KeysTest0 KeysTest1 KeysTest2 KeysTest3 LambdaTest0 MinMaxTest0 MinMaxTest1 MinMaxTest2 MinMaxTest3 MinMaxTest4 MinMaxTest5 PutTest0 PutTest1 PutTest2 PutTest3 PutTest4 PutTest5 RemoveTest2 SizeTest0 SizeTest1 SizeTest2 , ,ExtendTest1 ExtendTest2 ExtendTest3 ExtendTest4 GetTest2 KeysTest4 KeysTest5- KeysTest6 LambdaTest1 LambdaTest2 LambdaTest3 LambdaTest4 MinMaxTest6- MinMaxTest7- RemoveTest0- RemoveTest1- RemoveTest3- , ,
7,Fri Oct 09 19:27:33 EDT 2020,68,10,Assignment3Suite,ExtendTest0 GetTest0 GetTest1 KeysTest0 KeysTest1 KeysTest2 KeysTest3 KeysTest5+ LambdaTest0 MinMaxTest0 MinMaxTest1 MinMaxTest2 MinMaxTest3 MinMaxTest4 MinMaxTest5 MinMaxTest6+ MinMaxTest7+ PutTest0 PutTest1 PutTest2 PutTest3 PutTest4 PutTest5 RemoveTest1+ RemoveTest2 SizeTest0 SizeTest1 SizeTest2 , ,ExtendTest1 ExtendTest2 ExtendTest3 ExtendTest4 GetTest2 KeysTest4 KeysTest6 LambdaTest1 LambdaTest2 LambdaTest3 LambdaTest4 RemoveTest0 RemoveTest3 , ,
8,Fri Oct 09 21:51:21 EDT 2020,68,0,Assignment3Suite,ExtendTest0 GetTest0 GetTest1 KeysTest0 KeysTest1 KeysTest2 KeysTest3 KeysTest5 LambdaTest0 MinMaxTest0 MinMaxTest1 MinMaxTest2 MinMaxTest3 MinMaxTest4 MinMaxTest5 MinMaxTest6 MinMaxTest7 PutTest0 PutTest1 PutTest2 PutTest3 PutTest4 PutTest5 RemoveTest1 RemoveTest2 SizeTest0 SizeTest1 SizeTest2 , ,ExtendTest1 ExtendTest2 ExtendTest3 ExtendTest4 GetTest2 KeysTest4 KeysTest6 LambdaTest1 LambdaTest2 LambdaTest3 LambdaTest4 RemoveTest0 RemoveTest3 , ,
9,Fri Oct 09 21:52:03 EDT 2020,73,5,Assignment3Suite,ExtendTest0 GetTest0 GetTest1 KeysTest0 KeysTest1 KeysTest2 KeysTest3 KeysTest5 LambdaTest0 MinMaxTest0 MinMaxTest1 MinMaxTest2 MinMaxTest3 MinMaxTest4 MinMaxTest5 MinMaxTest6 MinMaxTest7 PutTest0 PutTest1 PutTest2 PutTest3 PutTest4 PutTest5 RemoveTest0+ RemoveTest1 RemoveTest2 RemoveTest3+ SizeTest0 SizeTest1 SizeTest2 , ,ExtendTest1 ExtendTest2 ExtendTest3 ExtendTest4 GetTest2 KeysTest4 KeysTest6 LambdaTest1 LambdaTest2 LambdaTest3 LambdaTest4 , ,
10,Fri Oct 09 23:07:43 EDT 2020,31,-42,Assignment3Suite,ExtendTest0 GetTest0 KeysTest0 KeysTest1 KeysTest3 KeysTest5 LambdaTest0 MinMaxTest0 MinMaxTest1 PutTest0 PutTest4 RemoveTest0 SizeTest0 , ,ExtendTest1 ExtendTest2 ExtendTest3 ExtendTest4 GetTest1- GetTest2 KeysTest2- KeysTest4 KeysTest6 LambdaTest1 LambdaTest2 LambdaTest3 LambdaTest4 MinMaxTest2- MinMaxTest3- MinMaxTest4- MinMaxTest5- MinMaxTest6- MinMaxTest7- PutTest1- PutTest2- PutTest3- PutTest5- RemoveTest1- RemoveTest2- RemoveTest3- SizeTest1- SizeTest2- , ,
11,Fri Oct 09 23:08:21 EDT 2020,58,27,Assignment3Suite,ExtendTest0 GetTest0 GetTest2+ KeysTest0 KeysTest1 KeysTest3 LambdaTest0 MinMaxTest0 MinMaxTest1 MinMaxTest2+ MinMaxTest3+ MinMaxTest6+ MinMaxTest7+ PutTest0 PutTest1+ PutTest2+ PutTest3+ PutTest4 PutTest5+ RemoveTest0 RemoveTest2+ RemoveTest3+ SizeTest0 SizeTest1+ , ,ExtendTest1 ExtendTest2 ExtendTest3 ExtendTest4 GetTest1 KeysTest2 KeysTest4 KeysTest5- KeysTest6 LambdaTest1 LambdaTest2 LambdaTest3 LambdaTest4 MinMaxTest4 MinMaxTest5 RemoveTest1 SizeTest2 , ,
12,Fri Oct 09 23:09:33 EDT 2020,58,0,Assignment3Suite,ExtendTest0 GetTest0 GetTest2 KeysTest0 KeysTest1 KeysTest3 LambdaTest0 MinMaxTest0 MinMaxTest1 MinMaxTest2 MinMaxTest3 MinMaxTest6 MinMaxTest7 PutTest0 PutTest1 PutTest2 PutTest3 PutTest4 PutTest5 RemoveTest0 RemoveTest2 RemoveTest3 SizeTest0 SizeTest1 , ,ExtendTest1 ExtendTest2 ExtendTest3 ExtendTest4 GetTest1 KeysTest2 KeysTest4 KeysTest5 KeysTest6 LambdaTest1 LambdaTest2 LambdaTest3 LambdaTest4 MinMaxTest4 MinMaxTest5 RemoveTest1 SizeTest2 , ,
13,Fri Oct 09 23:09:49 EDT 2020,58,0,Assignment3Suite,ExtendTest0 GetTest0 GetTest2 KeysTest0 KeysTest1 KeysTest3 LambdaTest0 MinMaxTest0 MinMaxTest1 MinMaxTest2 MinMaxTest3 MinMaxTest6 MinMaxTest7 PutTest0 PutTest1 PutTest2 PutTest3 PutTest4 PutTest5 RemoveTest0 RemoveTest2 RemoveTest3 SizeTest0 SizeTest1 , ,ExtendTest1 ExtendTest2 ExtendTest3 ExtendTest4 GetTest1 KeysTest2 KeysTest4 KeysTest5 KeysTest6 LambdaTest1 LambdaTest2 LambdaTest3 LambdaTest4 MinMaxTest4 MinMaxTest5 RemoveTest1 SizeTest2 , ,
14,Fri Oct 09 23:10:08 EDT 2020,58,0,Assignment3Suite,ExtendTest0 GetTest0 GetTest2 KeysTest0 KeysTest1 KeysTest3 LambdaTest0 MinMaxTest0 MinMaxTest1 MinMaxTest2 MinMaxTest3 MinMaxTest6 MinMaxTest7 PutTest0 PutTest1 PutTest2 PutTest3 PutTest4 PutTest5 RemoveTest0 RemoveTest2 RemoveTest3 SizeTest0 SizeTest1 , ,ExtendTest1 ExtendTest2 ExtendTest3 ExtendTest4 GetTest1 KeysTest2 KeysTest4 KeysTest5 KeysTest6 LambdaTest1 LambdaTest2 LambdaTest3 LambdaTest4 MinMaxTest4 MinMaxTest5 RemoveTest1 SizeTest2 , ,
15,Fri Oct 09 23:24:30 EDT 2020,70,12,Assignment3Suite,ExtendTest0 GetTest0 GetTest1+ GetTest2 KeysTest0 KeysTest1 KeysTest2+ KeysTest3 KeysTest5+ LambdaTest0 MinMaxTest0 MinMaxTest1 MinMaxTest2 MinMaxTest3 MinMaxTest6 MinMaxTest7 PutTest0 PutTest1 PutTest2 PutTest3 PutTest4 PutTest5 RemoveTest0 RemoveTest1+ RemoveTest2 RemoveTest3 SizeTest0 SizeTest1 SizeTest2+ , ,ExtendTest1 ExtendTest2 ExtendTest3 ExtendTest4 KeysTest4 KeysTest6 LambdaTest1 LambdaTest2 LambdaTest3 LambdaTest4 MinMaxTest4 MinMaxTest5 , ,
16,Fri Oct 09 23:27:04 EDT 2020,70,0,Assignment3Suite,ExtendTest0 GetTest0 GetTest1 GetTest2 KeysTest0 KeysTest1 KeysTest2 KeysTest3 KeysTest5 LambdaTest0 MinMaxTest0 MinMaxTest1 MinMaxTest2 MinMaxTest3 MinMaxTest6 MinMaxTest7 PutTest0 PutTest1 PutTest2 PutTest3 PutTest4 PutTest5 RemoveTest0 RemoveTest1 RemoveTest2 RemoveTest3 SizeTest0 SizeTest1 SizeTest2 , ,ExtendTest1 ExtendTest2 ExtendTest3 ExtendTest4 KeysTest4 KeysTest6 LambdaTest1 LambdaTest2 LambdaTest3 LambdaTest4 MinMaxTest4 MinMaxTest5 , ,
17,Sat Oct 10 00:12:02 EDT 2020,70,0,Assignment3Suite,ExtendTest0 GetTest0 GetTest1 GetTest2 KeysTest0 KeysTest1 KeysTest2 KeysTest3 KeysTest5 LambdaTest0 MinMaxTest0 MinMaxTest1 MinMaxTest2 MinMaxTest3 MinMaxTest6 MinMaxTest7 PutTest0 PutTest1 PutTest2 PutTest3 PutTest4 PutTest5 RemoveTest0 RemoveTest1 RemoveTest2 RemoveTest3 SizeTest0 SizeTest1 SizeTest2 , ,ExtendTest1 ExtendTest2 ExtendTest3 ExtendTest4 KeysTest4 KeysTest6 LambdaTest1 LambdaTest2 LambdaTest3 LambdaTest4 MinMaxTest4 MinMaxTest5 , ,
18,Sat Oct 10 00:13:23 EDT 2020,70,0,Assignment3Suite,ExtendTest0 GetTest0 GetTest1 GetTest2 KeysTest0 KeysTest1 KeysTest2 KeysTest3 KeysTest5 LambdaTest0 MinMaxTest0 MinMaxTest1 MinMaxTest2 MinMaxTest3 MinMaxTest6 MinMaxTest7 PutTest0 PutTest1 PutTest2 PutTest3 PutTest4 PutTest5 RemoveTest0 RemoveTest1 RemoveTest2 RemoveTest3 SizeTest0 SizeTest1 SizeTest2 , ,ExtendTest1 ExtendTest2 ExtendTest3 ExtendTest4 KeysTest4 KeysTest6 LambdaTest1 LambdaTest2 LambdaTest3 LambdaTest4 MinMaxTest4 MinMaxTest5 , ,
19,Sat Oct 10 00:16:28 EDT 2020,70,0,Assignment3Suite,ExtendTest0 GetTest0 GetTest1 GetTest2 KeysTest0 KeysTest1 KeysTest2 KeysTest3 KeysTest5 LambdaTest0 MinMaxTest0 MinMaxTest1 MinMaxTest2 MinMaxTest3 MinMaxTest6 MinMaxTest7 PutTest0 PutTest1 PutTest2 PutTest3 PutTest4 PutTest5 RemoveTest0 RemoveTest1 RemoveTest2 RemoveTest3 SizeTest0 SizeTest1 SizeTest2 , ,ExtendTest1 ExtendTest2 ExtendTest3 ExtendTest4 KeysTest4 KeysTest6 LambdaTest1 LambdaTest2 LambdaTest3 LambdaTest4 MinMaxTest4 MinMaxTest5 , ,
20,Sat Oct 10 00:23:46 EDT 2020,80,10,Assignment3Suite,ExtendTest0 ExtendTest4+ GetTest0 GetTest1 GetTest2 KeysTest0 KeysTest1 KeysTest2 KeysTest3 KeysTest5 LambdaTest0 LambdaTest1+ LambdaTest3+ LambdaTest4+ MinMaxTest0 MinMaxTest1 MinMaxTest2 MinMaxTest3 MinMaxTest6 MinMaxTest7 PutTest0 PutTest1 PutTest2 PutTest3 PutTest4 PutTest5 RemoveTest0 RemoveTest1 RemoveTest2 RemoveTest3 SizeTest0 SizeTest1 SizeTest2 , ,ExtendTest1 ExtendTest2 ExtendTest3 KeysTest4 KeysTest6 LambdaTest2 MinMaxTest4 MinMaxTest5 , ,
21,Sat Oct 10 00:25:04 EDT 2020,80,0,Assignment3Suite,ExtendTest0 ExtendTest4 GetTest0 GetTest1 GetTest2 KeysTest0 KeysTest1 KeysTest2 KeysTest3 KeysTest5 LambdaTest0 LambdaTest1 LambdaTest3 LambdaTest4 MinMaxTest0 MinMaxTest1 MinMaxTest2 MinMaxTest3 MinMaxTest6 MinMaxTest7 PutTest0 PutTest1 PutTest2 PutTest3 PutTest4 PutTest5 RemoveTest0 RemoveTest1 RemoveTest2 RemoveTest3 SizeTest0 SizeTest1 SizeTest2 , ,ExtendTest1 ExtendTest2 ExtendTest3 KeysTest4 KeysTest6 LambdaTest2 MinMaxTest4 MinMaxTest5 , ,
22,Sat Oct 10 00:26:23 EDT 2020,80,0,Assignment3Suite,ExtendTest0 ExtendTest4 GetTest0 GetTest1 GetTest2 KeysTest0 KeysTest1 KeysTest2 KeysTest3 KeysTest5 LambdaTest0 LambdaTest1 LambdaTest3 LambdaTest4 MinMaxTest0 MinMaxTest1 MinMaxTest2 MinMaxTest3 MinMaxTest6 MinMaxTest7 PutTest0 PutTest1 PutTest2 PutTest3 PutTest4 PutTest5 RemoveTest0 RemoveTest1 RemoveTest2 RemoveTest3 SizeTest0 SizeTest1 SizeTest2 , ,ExtendTest1 ExtendTest2 ExtendTest3 KeysTest4 KeysTest6 LambdaTest2 MinMaxTest4 MinMaxTest5 , ,
23,Sat Oct 10 00:40:23 EDT 2020,80,0,Assignment3Suite,ExtendTest0 ExtendTest4 GetTest0 GetTest1 GetTest2 KeysTest0 KeysTest1 KeysTest2 KeysTest3 KeysTest5 LambdaTest0 LambdaTest1 LambdaTest3 LambdaTest4 MinMaxTest0 MinMaxTest1 MinMaxTest2 MinMaxTest3 MinMaxTest6 MinMaxTest7 PutTest0 PutTest1 PutTest2 PutTest3 PutTest4 PutTest5 RemoveTest0 RemoveTest1 RemoveTest2 RemoveTest3 SizeTest0 SizeTest1 SizeTest2 , ,ExtendTest1 ExtendTest2 ExtendTest3 KeysTest4 KeysTest6 LambdaTest2 MinMaxTest4 MinMaxTest5 , ,
24,Sat Oct 10 00:41:44 EDT 2020,85,5,Assignment3Suite,ExtendTest0 ExtendTest4 GetTest0 GetTest1 GetTest2 KeysTest0 KeysTest1 KeysTest2 KeysTest3 KeysTest4+ KeysTest5 KeysTest6+ LambdaTest0 LambdaTest1 LambdaTest3 LambdaTest4 MinMaxTest0 MinMaxTest1 MinMaxTest2 MinMaxTest3 MinMaxTest6 MinMaxTest7 PutTest0 PutTest1 PutTest2 PutTest3 PutTest4 PutTest5 RemoveTest0 RemoveTest1 RemoveTest2 RemoveTest3 SizeTest0 SizeTest1 SizeTest2 , ,ExtendTest1 ExtendTest2 ExtendTest3 LambdaTest2 MinMaxTest4 MinMaxTest5 , ,
25,Sat Oct 10 00:45:51 EDT 2020,87,2,Assignment3Suite,ExtendTest0 ExtendTest4 GetTest0 GetTest1 GetTest2 KeysTest0 KeysTest1 KeysTest2 KeysTest3 KeysTest4 KeysTest5 KeysTest6 LambdaTest0 LambdaTest1 LambdaTest3 LambdaTest4 MinMaxTest0 MinMaxTest1 MinMaxTest2 MinMaxTest3 MinMaxTest5+ MinMaxTest6 MinMaxTest7 PutTest0 PutTest1 PutTest2 PutTest3 PutTest4 PutTest5 RemoveTest0 RemoveTest1 RemoveTest2 RemoveTest3 SizeTest0 SizeTest1 SizeTest2 , ,ExtendTest1 ExtendTest2 ExtendTest3 LambdaTest2 MinMaxTest4 , ,
26,Sat Oct 10 00:46:30 EDT 2020,90,3,Assignment3Suite,ExtendTest0 ExtendTest4 GetTest0 GetTest1 GetTest2 KeysTest0 KeysTest1 KeysTest2 KeysTest3 KeysTest4 KeysTest5 KeysTest6 LambdaTest0 LambdaTest1 LambdaTest3 LambdaTest4 MinMaxTest0 MinMaxTest1 MinMaxTest2 MinMaxTest3 MinMaxTest4+ MinMaxTest5 MinMaxTest6 MinMaxTest7 PutTest0 PutTest1 PutTest2 PutTest3 PutTest4 PutTest5 RemoveTest0 RemoveTest1 RemoveTest2 RemoveTest3 SizeTest0 SizeTest1 SizeTest2 , ,ExtendTest1 ExtendTest2 ExtendTest3 LambdaTest2 , ,
27,Sat Oct 10 00:47:46 EDT 2020,95,5,Assignment3Suite,ExtendTest0 ExtendTest1+ ExtendTest2+ ExtendTest4 GetTest0 GetTest1 GetTest2 KeysTest0 KeysTest1 KeysTest2 KeysTest3 KeysTest4 KeysTest5 KeysTest6 LambdaTest0 LambdaTest1 LambdaTest3 LambdaTest4 MinMaxTest0 MinMaxTest1 MinMaxTest2 MinMaxTest3 MinMaxTest4 MinMaxTest5 MinMaxTest6 MinMaxTest7 PutTest0 PutTest1 PutTest2 PutTest3 PutTest4 PutTest5 RemoveTest0 RemoveTest1 RemoveTest2 RemoveTest3 SizeTest0 SizeTest1 SizeTest2 , ,ExtendTest3 LambdaTest2 , ,
28,Sat Oct 10 00:49:54 EDT 2020,95,0,Assignment3Suite,ExtendTest0 ExtendTest1 ExtendTest2 ExtendTest4 GetTest0 GetTest1 GetTest2 KeysTest0 KeysTest1 KeysTest2 KeysTest3 KeysTest4 KeysTest5 KeysTest6 LambdaTest0 LambdaTest1 LambdaTest3 LambdaTest4 MinMaxTest0 MinMaxTest1 MinMaxTest2 MinMaxTest3 MinMaxTest4 MinMaxTest5 MinMaxTest6 MinMaxTest7 PutTest0 PutTest1 PutTest2 PutTest3 PutTest4 PutTest5 RemoveTest0 RemoveTest1 RemoveTest2 RemoveTest3 SizeTest0 SizeTest1 SizeTest2 , ,ExtendTest3 LambdaTest2 , ,
29,Sat Oct 10 00:50:24 EDT 2020,95,0,Assignment3Suite,ExtendTest0 ExtendTest1 ExtendTest2 ExtendTest4 GetTest0 GetTest1 GetTest2 KeysTest0 KeysTest1 KeysTest2 KeysTest3 KeysTest4 KeysTest5 KeysTest6 LambdaTest0 LambdaTest1 LambdaTest3 LambdaTest4 MinMaxTest0 MinMaxTest1 MinMaxTest2 MinMaxTest3 MinMaxTest4 MinMaxTest5 MinMaxTest6 MinMaxTest7 PutTest0 PutTest1 PutTest2 PutTest3 PutTest4 PutTest5 RemoveTest0 RemoveTest1 RemoveTest2 RemoveTest3 SizeTest0 SizeTest1 SizeTest2 , ,ExtendTest3 LambdaTest2 , ,
30,Sat Oct 10 00:52:14 EDT 2020,95,0,Assignment3Suite,ExtendTest0 ExtendTest1 ExtendTest2 ExtendTest4 GetTest0 GetTest1 GetTest2 KeysTest0 KeysTest1 KeysTest2 KeysTest3 KeysTest4 KeysTest5 KeysTest6 LambdaTest0 LambdaTest1 LambdaTest3 LambdaTest4 MinMaxTest0 MinMaxTest1 MinMaxTest2 MinMaxTest3 MinMaxTest4 MinMaxTest5 MinMaxTest6 MinMaxTest7 PutTest0 PutTest1 PutTest2 PutTest3 PutTest4 PutTest5 RemoveTest0 RemoveTest1 RemoveTest2 RemoveTest3 SizeTest0 SizeTest1 SizeTest2 , ,ExtendTest3 LambdaTest2 , ,
31,Sat Oct 10 00:54:58 EDT 2020,95,0,Assignment3Suite,ExtendTest0 ExtendTest1 ExtendTest2 ExtendTest4 GetTest0 GetTest1 GetTest2 KeysTest0 KeysTest1 KeysTest2 KeysTest3 KeysTest4 KeysTest5 KeysTest6 LambdaTest0 LambdaTest1 LambdaTest3 LambdaTest4 MinMaxTest0 MinMaxTest1 MinMaxTest2 MinMaxTest3 MinMaxTest4 MinMaxTest5 MinMaxTest6 MinMaxTest7 PutTest0 PutTest1 PutTest2 PutTest3 PutTest4 PutTest5 RemoveTest0 RemoveTest1 RemoveTest2 RemoveTest3 SizeTest0 SizeTest1 SizeTest2 , ,ExtendTest3 LambdaTest2 , ,
32,Sat Oct 10 01:02:09 EDT 2020,95,0,Assignment3Suite,ExtendTest0 ExtendTest1 ExtendTest2 ExtendTest4 GetTest0 GetTest1 GetTest2 KeysTest0 KeysTest1 KeysTest2 KeysTest3 KeysTest4 KeysTest5 KeysTest6 LambdaTest0 LambdaTest1 LambdaTest3 LambdaTest4 MinMaxTest0 MinMaxTest1 MinMaxTest2 MinMaxTest3 MinMaxTest4 MinMaxTest5 MinMaxTest6 MinMaxTest7 PutTest0 PutTest1 PutTest2 PutTest3 PutTest4 PutTest5 RemoveTest0 RemoveTest1 RemoveTest2 RemoveTest3 SizeTest0 SizeTest1 SizeTest2 , ,ExtendTest3 LambdaTest2 , ,
33,Sat Oct 10 02:06:33 EDT 2020,95,0,Assignment3Suite,ExtendTest0 ExtendTest1 ExtendTest2 ExtendTest4 GetTest0 GetTest1 GetTest2 KeysTest0 KeysTest1 KeysTest2 KeysTest3 KeysTest4 KeysTest5 KeysTest6 LambdaTest0 LambdaTest1 LambdaTest3 LambdaTest4 MinMaxTest0 MinMaxTest1 MinMaxTest2 MinMaxTest3 MinMaxTest4 MinMaxTest5 MinMaxTest6 MinMaxTest7 PutTest0 PutTest1 PutTest2 PutTest3 PutTest4 PutTest5 RemoveTest0 RemoveTest1 RemoveTest2 RemoveTest3 SizeTest0 SizeTest1 SizeTest2 , ,ExtendTest3 LambdaTest2 , ,
34,Sat Oct 10 02:24:30 EDT 2020,92,-3,Assignment3Suite,ExtendTest0 ExtendTest1 ExtendTest4 GetTest0 GetTest1 GetTest2 KeysTest0 KeysTest1 KeysTest2 KeysTest3 KeysTest4 KeysTest5 KeysTest6 LambdaTest0 LambdaTest1 LambdaTest3 LambdaTest4 MinMaxTest0 MinMaxTest1 MinMaxTest2 MinMaxTest3 MinMaxTest4 MinMaxTest5 MinMaxTest6 MinMaxTest7 PutTest0 PutTest1 PutTest2 PutTest3 PutTest4 PutTest5 RemoveTest0 RemoveTest1 RemoveTest2 RemoveTest3 SizeTest0 SizeTest1 SizeTest2 , ,ExtendTest2- ExtendTest3 LambdaTest2 , ,
35,Sat Oct 10 02:25:47 EDT 2020,95,3,Assignment3Suite,ExtendTest0 ExtendTest1 ExtendTest2+ ExtendTest4 GetTest0 GetTest1 GetTest2 KeysTest0 KeysTest1 KeysTest2 KeysTest3 KeysTest4 KeysTest5 KeysTest6 LambdaTest0 LambdaTest1 LambdaTest3 LambdaTest4 MinMaxTest0 MinMaxTest1 MinMaxTest2 MinMaxTest3 MinMaxTest4 MinMaxTest5 MinMaxTest6 MinMaxTest7 PutTest0 PutTest1 PutTest2 PutTest3 PutTest4 PutTest5 RemoveTest0 RemoveTest1 RemoveTest2 RemoveTest3 SizeTest0 SizeTest1 SizeTest2 , ,ExtendTest3 LambdaTest2 , ,
36,Sat Oct 10 02:41:16 EDT 2020,95,0,Assignment3Suite,ExtendTest0 ExtendTest1 ExtendTest2 ExtendTest4 GetTest0 GetTest1 GetTest2 KeysTest0 KeysTest1 KeysTest2 KeysTest3 KeysTest4 KeysTest5 KeysTest6 LambdaTest0 LambdaTest1 LambdaTest3 LambdaTest4 MinMaxTest0 MinMaxTest1 MinMaxTest2 MinMaxTest3 MinMaxTest4 MinMaxTest5 MinMaxTest6 MinMaxTest7 PutTest0 PutTest1 PutTest2 PutTest3 PutTest4 PutTest5 RemoveTest0 RemoveTest1 RemoveTest2 RemoveTest3 SizeTest0 SizeTest1 SizeTest2 , ,ExtendTest3 LambdaTest2 , ,
37,Sat Oct 10 02:45:19 EDT 2020,95,0,Assignment3Suite,ExtendTest0 ExtendTest1 ExtendTest2 ExtendTest4 GetTest0 GetTest1 GetTest2 KeysTest0 KeysTest1 KeysTest2 KeysTest3 KeysTest4 KeysTest5 KeysTest6 LambdaTest0 LambdaTest1 LambdaTest3 LambdaTest4 MinMaxTest0 MinMaxTest1 MinMaxTest2 MinMaxTest3 MinMaxTest4 MinMaxTest5 MinMaxTest6 MinMaxTest7 PutTest0 PutTest1 PutTest2 PutTest3 PutTest4 PutTest5 RemoveTest0 RemoveTest1 RemoveTest2 RemoveTest3 SizeTest0 SizeTest1 SizeTest2 , ,ExtendTest3 LambdaTest2 , ,
38,Sat Oct 10 02:45:53 EDT 2020,100,5,Assignment3Suite,ExtendTest0 ExtendTest1 ExtendTest2 ExtendTest3+ ExtendTest4 GetTest0 GetTest1 GetTest2 KeysTest0 KeysTest1 KeysTest2 KeysTest3 KeysTest4 KeysTest5 KeysTest6 LambdaTest0 LambdaTest1 LambdaTest2+ LambdaTest3 LambdaTest4 MinMaxTest0 MinMaxTest1 MinMaxTest2 MinMaxTest3 MinMaxTest4 MinMaxTest5 MinMaxTest6 MinMaxTest7 PutTest0 PutTest1 PutTest2 PutTest3 PutTest4 PutTest5 RemoveTest0 RemoveTest1 RemoveTest2 RemoveTest3 SizeTest0 SizeTest1 SizeTest2 , , , ,
39,Sat Oct 10 21:47:20 EDT 2020,100,0,Assignment3Suite,ExtendTest0 ExtendTest1 ExtendTest2 ExtendTest3 ExtendTest4 GetTest0 GetTest1 GetTest2 KeysTest0 KeysTest1 KeysTest2 KeysTest3 KeysTest4 KeysTest5 KeysTest6 LambdaTest0 LambdaTest1 LambdaTest2 LambdaTest3 LambdaTest4 MinMaxTest0 MinMaxTest1 MinMaxTest2 MinMaxTest3 MinMaxTest4 MinMaxTest5 MinMaxTest6 MinMaxTest7 PutTest0 PutTest1 PutTest2 PutTest3 PutTest4 PutTest5 RemoveTest0 RemoveTest1 RemoveTest2 RemoveTest3 SizeTest0 SizeTest1 SizeTest2 , , , ,
40,Sat Oct 10 21:50:52 EDT 2020,100,0,Assignment3Suite,ExtendTest0 ExtendTest1 ExtendTest2 ExtendTest3 ExtendTest4 GetTest0 GetTest1 GetTest2 KeysTest0 KeysTest1 KeysTest2 KeysTest3 KeysTest4 KeysTest5 KeysTest6 LambdaTest0 LambdaTest1 LambdaTest2 LambdaTest3 LambdaTest4 MinMaxTest0 MinMaxTest1 MinMaxTest2 MinMaxTest3 MinMaxTest4 MinMaxTest5 MinMaxTest6 MinMaxTest7 PutTest0 PutTest1 PutTest2 PutTest3 PutTest4 PutTest5 RemoveTest0 RemoveTest1 RemoveTest2 RemoveTest3 SizeTest0 SizeTest1 SizeTest2 , , , ,
41,Sun Oct 11 09:28:10 EDT 2020,100,0,Assignment3Suite,ExtendTest0 ExtendTest1 ExtendTest2 ExtendTest3 ExtendTest4 GetTest0 GetTest1 GetTest2 KeysTest0 KeysTest1 KeysTest2 KeysTest3 KeysTest4 KeysTest5 KeysTest6 LambdaTest0 LambdaTest1 LambdaTest2 LambdaTest3 LambdaTest4 MinMaxTest0 MinMaxTest1 MinMaxTest2 MinMaxTest3 MinMaxTest4 MinMaxTest5 MinMaxTest6 MinMaxTest7 PutTest0 PutTest1 PutTest2 PutTest3 PutTest4 PutTest5 RemoveTest0 RemoveTest1 RemoveTest2 RemoveTest3 SizeTest0 SizeTest1 SizeTest2 , , , ,
42,Wed Oct 14 02:17:52 EDT 2020,100,0,Assignment3Suite,ExtendTest0 ExtendTest1 ExtendTest2 ExtendTest3 ExtendTest4 GetTest0 GetTest1 GetTest2 KeysTest0 KeysTest1 KeysTest2 KeysTest3 KeysTest4 KeysTest5 KeysTest6 LambdaTest0 LambdaTest1 LambdaTest2 LambdaTest3 LambdaTest4 MinMaxTest0 MinMaxTest1 MinMaxTest2 MinMaxTest3 MinMaxTest4 MinMaxTest5 MinMaxTest6 MinMaxTest7 PutTest0 PutTest1 PutTest2 PutTest3 PutTest4 PutTest5 RemoveTest0 RemoveTest1 RemoveTest2 RemoveTest3 SizeTest0 SizeTest1 SizeTest2 , , , ,
43,Wed Oct 14 22:38:27 EDT 2020,100,0,Assignment3Suite,ExtendTest0 ExtendTest1 ExtendTest2 ExtendTest3 ExtendTest4 GetTest0 GetTest1 GetTest2 KeysTest0 KeysTest1 KeysTest2 KeysTest3 KeysTest4 KeysTest5 KeysTest6 LambdaTest0 LambdaTest1 LambdaTest2 LambdaTest3 LambdaTest4 MinMaxTest0 MinMaxTest1 MinMaxTest2 MinMaxTest3 MinMaxTest4 MinMaxTest5 MinMaxTest6 MinMaxTest7 PutTest0 PutTest1 PutTest2 PutTest3 PutTest4 PutTest5 RemoveTest0 RemoveTest1 RemoveTest2 RemoveTest3 SizeTest0 SizeTest1 SizeTest2 , , , ,
